﻿{
  "full_tracker_layout": {
    "type": "array",
    "orientation": "vertical",
    "content": [
      {
        "type": "array",
        "orientation": "vertical",
        "content": [
          {
            "type": "layout",
            "key": "medallion_grid"
          },
          {
            "type": "layout",
            "key": "standard_items"
          },
          {
            "type": "layout",
            "key": "extended_items"
          },
          {
            "type": "layout",
            "key": "song_grid"
          },
          {
            "type": "layout",
            "key": "key_grid"
          }
        ]
      }
    ]
  },

  "tracker_default": {
    "type": "container",
    "width": 300,
    "background": "#212121",
    "content": {
      "type": "layout",
      "dropshadow": true,
      "margin": 10,
      "key": "full_tracker_layout"
    }
  }
}
