[
  {
    "name": "Forest Temple Name",
    "type": "static",
    "img": "images/forest_name.png",
    "codes": "forest_name"
  },
  {
    "name": "Forest Temple Small Keys",
    "type": "consumable",
    "img": "images/smallkey.png",
    "codes": "forest_sk",
    "max_quantity": 5
  },
  {
    "name": "Forest Temple Boss Key",
    "type": "toggle",
    "img": "images/bosskey.png",
    "codes": "forest_bk",
  },
  {
    "name": "Fire Temple Name",
    "type": "static",
    "img": "images/fire_name.png",
    "codes": "fire_name"
  },
  {
    "name": "Fire Temple Small Keys",
    "type": "consumable",
    "img": "images/smallkey.png",
    "codes": "fire_sk",
    "max_quantity": 8
  },
  {
    "name": "Fire Temple Boss Key",
    "type": "toggle",
    "img": "images/bosskey.png",
    "codes": "fire_bk",
  },
  {
    "name": "Water Temple Name",
    "type": "static",
    "img": "images/water_name.png",
    "codes": "water_name"
  },
  {
    "name": "Water Temple Small Keys",
    "type": "consumable",
    "img": "images/smallkey.png",
    "codes": "water_sk",
    "max_quantity": 6
  },
  {
    "name": "Water Temple Boss Key",
    "type": "toggle",
    "img": "images/bosskey.png",
    "codes": "water_bk",
  },
  {
    "name": "Shadow Temple Name",
    "type": "static",
    "img": "images/shadow_name.png",
    "codes": "shadow_name"
  },
  {
    "name": "Shadow Temple Small Keys",
    "type": "consumable",
    "img": "images/smallkey.png",
    "codes": "shadow_sk",
    "max_quantity": 5
  },
  {
    "name": "Shadow Temple Boss Key",
    "type": "toggle",
    "img": "images/bosskey.png",
    "codes": "shadow_bk",
  },
  {
    "name": "Spirit Temple Name",
    "type": "static",
    "img": "images/spirit_name.png",
    "codes": "spirit_name"
  },
  {
    "name": "Spirit Temple Small Keys",
    "type": "consumable",
    "img": "images/smallkey.png",
    "codes": "spirit_sk",
    "max_quantity": 5
  },
  {
    "name": "Spirit Temple Boss Key",
    "type": "toggle",
    "img": "images/bosskey.png",
    "codes": "spirit_bk",
  },
  {
    "name": "Ganons Castle Name",
    "type": "static",
    "img": "images/ganon_name.png",
    "codes": "ganon_name"
  },
  {
    "name": "Ganons Castle Small Keys",
    "type": "consumable",
    "img": "images/smallkey.png",
    "codes": "ganon_sk",
    "max_quantity": 2
  },
  {
    "name": "Ganons Castle Boss Key",
    "type": "toggle",
    "img": "images/bosskey.png",
    "codes": "ganon_bk",
  },
  {
    "name": "Bottom of the Well Name",
    "type": "static",
    "img": "images/well_name.png",
    "codes": "well_name"
  },
  {
    "name": "Bottom of the Well Small Keys",
    "type": "consumable",
    "img": "images/smallkey.png",
    "codes": "well_sk",
    "max_quantity": 3
  },
  {
    "name": "Gerudo Fortress Name",
    "type": "static",
    "img": "images/fortress_name.png",
    "codes": "fortress_name"
  },
  {
    "name": "Gerudo Fortress Small Keys",
    "type": "consumable",
    "img": "images/smallkey.png",
    "codes": "fortress_sk",
    "max_quantity": 4
  },
  {
    "name": "Gerudo Training Ground Name",
    "type": "static",
    "img": "images/gtg_name.png",
    "codes": "gtg_name"
  },
  {
    "name": "Gerudo Training Ground Small Keys",
    "type": "consumable",
    "img": "images/smallkey.png",
    "codes": "gtg_sk",
    "max_quantity": 10
  },
]