[
  {
    "name": "Ice Trap Counter",
    "type": "consumable",
    "img": "images/ice_trap.png",
    "codes": "ice_trap",
    "disabled_img_mods": "brightness|0.50"
  },
  {
    "name": "Forest Medallion Label",
    "type": "progressive",
    "allow_disabled": false,
    "loop": true,
    "stages": [
      { "img": "images/unknown_text.png",
        "codes": "forest_medallion_text1", },
      { "img": "images/deku_text.png",
        "codes": "forest_medallion_text2", },
      { "img": "images/dc_text.png",
        "codes": "forest_medallion_text3", },
      { "img": "images/jabu_text.png",
        "codes": "forest_medallion_text4", },
      { "img": "images/forest_text.png",
        "codes": "forest_medallion_text5", },
      { "img": "images/fire_text.png",
        "codes": "forest_medallion_text6", },
      { "img": "images/water_text.png",
        "codes": "forest_medallion_text7", },
      { "img": "images/shadow_text.png",
        "codes": "forest_medallion_text8", },
      { "img": "images/spirit_text.png",
        "codes": "forest_medallion_text9", },
      { "img": "images/free_text.png",
        "codes": "forest_medallion_text10", }
    ]
  },
  {
    "name": "Fire Medallion Label",
    "type": "progressive",
    "allow_disabled": false,
    "loop": true,
    "stages": [
      { "img": "images/unknown_text.png",
        "codes": "fire_medallion_text1", },
      { "img": "images/deku_text.png",
        "codes": "fire_medallion_text2", },
      { "img": "images/dc_text.png",
        "codes": "fire_medallion_text3", },
      { "img": "images/jabu_text.png",
        "codes": "fire_medallion_text4", },
      { "img": "images/forest_text.png",
        "codes": "fire_medallion_text5", },
      { "img": "images/fire_text.png",
        "codes": "fire_medallion_text6", },
      { "img": "images/water_text.png",
        "codes": "fire_medallion_text7", },
      { "img": "images/shadow_text.png",
        "codes": "fire_medallion_text8", },
      { "img": "images/spirit_text.png",
        "codes": "fire_medallion_text9", },
      { "img": "images/free_text.png",
        "codes": "fire_medallion_text10", }
    ]
  },
  {
    "name": "Water Medallion Label",
    "type": "progressive",
    "allow_disabled": false,
    "loop": true,
    "stages": [
      { "img": "images/unknown_text.png",
        "codes": "water_medallion_text1", },
      { "img": "images/deku_text.png",
        "codes": "water_medallion_text2", },
      { "img": "images/dc_text.png",
        "codes": "water_medallion_text3", },
      { "img": "images/jabu_text.png",
        "codes": "water_medallion_text4", },
      { "img": "images/forest_text.png",
        "codes": "water_medallion_text5", },
      { "img": "images/fire_text.png",
        "codes": "water_medallion_text6", },
      { "img": "images/water_text.png",
        "codes": "water_medallion_text7", },
      { "img": "images/shadow_text.png",
        "codes": "water_medallion_text8", },
      { "img": "images/spirit_text.png",
        "codes": "water_medallion_text9", },
      { "img": "images/free_text.png",
        "codes": "water_medallion_text10", }
    ]
  },
  {
    "name": "Shadow Medallion Label",
    "type": "progressive",
    "allow_disabled": false,
    "loop": true,
    "stages": [
      { "img": "images/unknown_text.png",
        "codes": "shadow_medallion_text1", },
      { "img": "images/deku_text.png",
        "codes": "shadow_medallion_text2", },
      { "img": "images/dc_text.png",
        "codes": "shadow_medallion_text3", },
      { "img": "images/jabu_text.png",
        "codes": "shadow_medallion_text4", },
      { "img": "images/forest_text.png",
        "codes": "shadow_medallion_text5", },
      { "img": "images/fire_text.png",
        "codes": "shadow_medallion_text6", },
      { "img": "images/water_text.png",
        "codes": "shadow_medallion_text7", },
      { "img": "images/shadow_text.png",
        "codes": "shadow_medallion_text8", },
      { "img": "images/spirit_text.png",
        "codes": "shadow_medallion_text9", },
      { "img": "images/free_text.png",
        "codes": "shadow_medallion_text10", }
    ]
  },
  {
    "name": "Spirit Medallion Label",
    "type": "progressive",
    "allow_disabled": false,
    "loop": true,
    "stages": [
      { "img": "images/unknown_text.png",
        "codes": "spirit_medallion_text1", },
      { "img": "images/deku_text.png",
        "codes": "spirit_medallion_text2", },
      { "img": "images/dc_text.png",
        "codes": "spirit_medallion_text3", },
      { "img": "images/jabu_text.png",
        "codes": "spirit_medallion_text4", },
      { "img": "images/forest_text.png",
        "codes": "spirit_medallion_text5", },
      { "img": "images/fire_text.png",
        "codes": "spirit_medallion_text6", },
      { "img": "images/water_text.png",
        "codes": "spirit_medallion_text7", },
      { "img": "images/shadow_text.png",
        "codes": "spirit_medallion_text8", },
      { "img": "images/spirit_text.png",
        "codes": "spirit_medallion_text9", },
      { "img": "images/free_text.png",
        "codes": "spirit_medallion_text10", }
    ]
  },
  {
    "name": "Light Medallion Label",
    "type": "progressive",
    "allow_disabled": false,
    "loop": true,
    "stages": [
      { "img": "images/unknown_text.png",
        "codes": "light_medallion_text1", },
      { "img": "images/deku_text.png",
        "codes": "light_medallion_text2", },
      { "img": "images/dc_text.png",
        "codes": "light_medallion_text3", },
      { "img": "images/jabu_text.png",
        "codes": "light_medallion_text4", },
      { "img": "images/forest_text.png",
        "codes": "light_medallion_text5", },
      { "img": "images/fire_text.png",
        "codes": "light_medallion_text6", },
      { "img": "images/water_text.png",
        "codes": "light_medallion_text7", },
      { "img": "images/shadow_text.png",
        "codes": "light_medallion_text8", },
      { "img": "images/spirit_text.png",
        "codes": "light_medallion_text9", },
      { "img": "images/free_text.png",
        "codes": "light_medallion_text10", }
    ]
  },
]
