{
  "standard_items": {
    "type": "array",
    "orientation": "vertical",
    "content": [
      {
        "type": "array",
        "orientation": "horizontal",
        "h_alignment": "center",
        "margin": "5,0",
        "content": [
          {
            "type": "itemgrid",
            "h_alignment": "center",
            "item_size": 32,
            "margin": "0,0",
            "item_margin": "4,5",
            "rows": [
              [
                "adult_trade1",
                "skulltula_token"
              ]
            ]
          },
          {
            "type": "itemgrid",
            "h_alignment": "center",
            "item_size": 24,
            "margin": "2,2",
            "item_margin": "0,5",
            "rows": [
              [
                "kokiri_emerald",
                "goron_ruby",
                "zora_sapphire"
              ]
            ]
          },
          {
            "type": "itemgrid",
            "h_alignment": "center",
            "item_size": 32,
            "margin": "0,0",
            "item_margin": "4,5",
            "rows": [
              [
                "rutos_letter",
                "silver_scale"
              ]
            ]
          },
        ]
      },
      {
        "type": "itemgrid",
        "h_alignment": "center",
        "item_size": 32,
        "margin": "0,0",
        "item_margin": "4,5",
        "rows": [
          [ 
            "slingshot",
            "logical_chus",
            "boomerang",
            "strength1",
            "magic",
            "composite_magic",
          ],
          [
            "hookshot",
            "ice_arrows",
            "composite_arrows",
            "hammer",
            "composite_boots",
            "mirror_shield",
          ],
        ]
      }
    ]
  },
  "extended_items": {
    "type": "itemgrid",
    "h_alignment": "center",
    "item_size": 32,
    "margin": "0,0",
    "item_margin": "4,5",
    "rows": [
      [
        "weird_egg",
        "ocarina",
        "beans",
        "gerudo_card",
        "triforce",
        "ice_trap"
      ],
    ]
  }
}
