{
  "forest_grid": {
    "type": "array",
    "orientation": "horizontal",
    "v_alignment": "top",
    "margin": "0,0",
    "content": [
      { 
        "type": "item",
        "item": "forest_name_normal",
        "v_alignment": "center"
      },
      {
        "type": "itemgrid",
        "h_alignment": "right",
        "item_height": 20, "item_width": 20,
        "margin": "0,0",
        "item_margin": "4,5",
        "badge_font_size": "10",
        "rows": [ [ "forest_sk", "forest_bk" ] ] 
      }
    ]
  },
  "fire_grid": {
    "type": "array",
    "orientation": "horizontal",
    "v_alignment": "top",
    "margin": "0,0",
    "content": [
      { 
        "type": "item",
        "item": "fire_name_normal",
        "v_alignment": "center"
      },
      {
        "type": "itemgrid",
        "h_alignment": "right",
        "item_height": 20, "item_width": 20,
        "margin": "0,0",
        "item_margin": "4,5",
        "badge_font_size": "10",
        "rows": [ [ "fire_sk", "fire_bk" ] ] 
      }
    ]
  },
  "water_grid": {
    "type": "array",
    "orientation": "horizontal",
    "v_alignment": "top",
    "margin": "0,0",
    "content": [
      { 
        "type": "item",
        "item": "water_name_normal",
        "v_alignment": "center"
        },
      {
        "type": "itemgrid",
        "h_alignment": "right",
        "item_height": 20, "item_width": 20,
        "margin": "0,0",
        "item_margin": "4,5",
        "badge_font_size": "10",
        "rows": [ [ "water_sk", "water_bk" ] ] 
      }
    ]
  },
  "shadow_grid": {
    "type": "array",
    "orientation": "horizontal",
    "v_alignment": "top",
    "margin": "0,0",
    "content": [
      { 
        "type": "item",
        "item": "shadow_name_normal",
        "v_alignment": "center"
        },
      {
        "type": "itemgrid",
        "h_alignment": "right",
        "item_height": 20, "item_width": 20,
        "margin": "0,0",
        "item_margin": "4,5",
        "badge_font_size": "10",
        "rows": [ [ "shadow_sk", "shadow_bk" ] ] 
      }
    ]
  },
  "spirit_grid": {
    "type": "array",
    "orientation": "horizontal",
    "v_alignment": "top",
    "margin": "0,0",
    "content": [
      { 
        "type": "item",
        "item": "spirit_name_normal",
        "v_alignment": "center"
        },
      {
        "type": "itemgrid",
        "h_alignment": "right",
        "item_height": 20, "item_width": 20,
        "margin": "0,0",
        "item_margin": "4,5",
        "badge_font_size": "10",
        "rows": [ [ "spirit_sk", "spirit_bk" ] ] 
      }
    ]
  },
  "ganon_grid": {
    "type": "array",
    "orientation": "horizontal",
    "v_alignment": "top",
    "margin": "0,0",
    "content": [
      { 
        "type": "item",
        "item": "ganon_name_normal",
        "v_alignment": "center"
        },
      {
        "type": "itemgrid",
        "h_alignment": "right",
        "item_height": 20, "item_width": 20,
        "margin": "0,0",
        "item_margin": "4,5",
        "badge_font_size": "10",
        "rows": [ [ "ganon_sk", "ganon_bk" ] ] 
      }
    ]
  },
  "well_grid": {
    "type": "array",
    "orientation": "horizontal",
    "v_alignment": "top",
    "margin": "0,0",
    "content": [
      { 
        "type": "item",
        "item": "well_name_normal",
        "v_alignment": "center"
        },
      {
        "type": "itemgrid",
        "h_alignment": "right",
        "item_height": 20, "item_width": 20,
        "margin": "0,0",
        "item_margin": "4,5",
        "badge_font_size": "10",
        "rows": [ [ "well_sk"] ] 
      }
    ]
  },
   "fortress_grid": {
    "type": "array",
    "orientation": "horizontal",
    "v_alignment": "top",
    "margin": "0,0",
    "content": [
      { 
        "type": "item",
        "item": "fortress_name_normal",
        "v_alignment": "center"
        },
      {
        "type": "itemgrid",
        "h_alignment": "right",
        "item_height": 20, "item_width": 20,
        "margin": "0,0",
        "item_margin": "4,5",
        "badge_font_size": "10",
        "rows": [ [ "fortress_sk"] ] 
      }
    ]
  },
  "gtg_grid": {
    "type": "array",
    "orientation": "horizontal",
    "v_alignment": "top",
    "margin": "0,0",
    "content": [
      { 
        "type": "item",
        "item": "gtg_name_normal",
        "v_alignment": "center"
        },
      {
        "type": "itemgrid",
        "h_alignment": "right",
        "item_height": 20, "item_width": 20,
        "margin": "0,0",
        "item_margin": "4,5",
        "badge_font_size": "10",
        "rows": [ [ "gtg_sk"] ] 
      }
    ]
  },
  "key_grid": {
    "type": "array",
    "orientation": "horizontal",
    "h_alignment": "center",
    "margin": "5,0",
    "content": [
      {
        "type": "array",
        "orientation": "vertical",
        "v_alignment": "top",
        "margin": "0,0",
        "content": [
          { "type": "layout", "key": "forest_grid" },
          { "type": "layout", "key": "fire_grid" },
          { "type": "layout", "key": "water_grid" }
        ]
      },
      {
        "type": "array",
        "orientation": "vertical",
        "v_alignment": "top",
        "margin": "0,0",
        "content": [
          { "type": "layout", "key": "shadow_grid" },
          { "type": "layout", "key": "spirit_grid" },
          { "type": "layout", "key": "ganon_grid" }
        ]
      },
      {
        "type": "array",
        "orientation": "vertical",
        "v_alignment": "top",
        "margin": "0,0",
        "content": [
          { "type": "layout", "key": "well_grid" },
          { "type": "layout", "key": "fortress_grid" },
          { "type": "layout", "key": "gtg_grid" }
        ]
      }
    ]
  }
}