{
  "medallion_grid": {
    "type": "array",
    "orientation": "vertical",
    "content": [
      {
        "type": "itemgrid",
        "h_alignment": "center",
        "item_margin": "5,0",
        "item_height": 13,
        "item_width": 30,
        "margin": 0,
        "badge_font_size": 12,
        "rows": [
          [
            "forest_medallion_text1",
            "fire_medallion_text1",
            "water_medallion_text1",
            "shadow_medallion_text1",
            "spirit_medallion_text1",
            "light_medallion_text1"
          ]
        ]
      },
      {
        "type": "itemgrid",
        "h_alignment": "center",
        "item_size": 32,
        "margin": "0,0",
        "item_margin": "4,5",
        "rows": [
          [
            "forest_medallion",
            "fire_medallion",
            "water_medallion",
            "shadow_medallion",
            "spirit_medallion",
            "light_medallion"
          ]
        ]
      }
    ]
  }
}