[
  {
    "name": "Iron and Hover Boots",
    "type": "composite_toggle",
    "codes": "composite_boots",
    "item_left": "iron_boots",
    "item_right": "hover_boots",
    "images": [
      {
        "left": false,
        "right": false,
        "img": "images/composite_boots.png",
        "img_mods": "@disabled"
      },
      {
        "left": true,
        "right": false,
        "img": "images/iron_boots.png"
      },
      {
        "left": false,
        "right": true,
        "img": "images/hover_boots.png"
      },
      {
        "left": true,
        "right": true,
        "img": "images/composite_boots.png"
      }
    ]
  },
  {
    "name": "Fire Arrows and Light Arrows",
    "type": "composite_toggle",
    "codes": "composite_arrows",
    "item_left": "fire_arrows",
    "item_right": "light_arrows",
    "images": [
      {
        "left": false,
        "right": false,
        "img": "images/composite_arrows.png",
        "img_mods": "@disabled"
      },
      {
        "left": true,
        "right": false,
        "img": "images/fire_arrows.png"
      },
      {
        "left": false,
        "right": true,
        "img": "images/light_arrows.png"
      },
      {
        "left": true,
        "right": true,
        "img": "images/composite_arrows.png"
      }
    ]
  },
  {
    "name": "Din's Fire and Faore's Wind",
    "type": "composite_toggle",
    "codes": "composite_magic",
    "item_left": "dins_fire",
    "item_right": "faores_wind",
    "images": [
      {
        "left": false,
        "right": false,
        "img": "images/composite_magic.png",
        "img_mods": "brightness|.4",
      },
      {
        "left": true,
        "right": false,
        "img": "images/dins_fire.png"
      },
      {
        "left": false,
        "right": true,
        "img": "images/faores_wind.png"
      },
      {
        "left": true,
        "right": true,
        "img": "images/composite_magic.png"
      }
    ]
  },
]