[
  {
    "name": "Forest Medallion",
    "type": "toggle",
    "img": "images/forest_medallion.png",
    "codes": "forest_medallion",
    "disabled_img_mods": "brightness|0.25"
  },
  {
    "name": "Fire Medallion",
    "type": "toggle",
    "img": "images/fire_medallion.png",
    "codes": "fire_medallion",
    "disabled_img_mods": "brightness|0.25"
  },
  {
    "name": "Water Medallion",
    "type": "toggle",
    "img": "images/water_medallion.png",
    "codes": "water_medallion",
    "disabled_img_mods": "brightness|0.25"
  },
  {
    "name": "Shadow Medallion",
    "type": "toggle",
    "img": "images/shadow_medallion.png",
    "codes": "shadow_medallion",
    "disabled_img_mods": "brightness|0.25"
  },
  {
    "name": "Spirit Medallion",
    "type": "toggle",
    "img": "images/spirit_medallion.png",
    "codes": "spirit_medallion",
    "disabled_img_mods": "brightness|0.25"
  },
  {
    "name": "Light Medallion",
    "type": "toggle",
    "img": "images/light_medallion.png",
    "codes": "light_medallion",
    "disabled_img_mods": "brightness|0.25"
  },
  {
    "name": "Kokiri Emerald",
    "type": "toggle",
    "img": "images/kokiri_emerald.png",
    "codes": "kokiri_emerald",
    "disabled_img_mods": "brightness|0.25"
  },
  {
    "name": "Goron Ruby",
    "type": "toggle",
    "img": "images/goron_ruby.png",
    "codes": "goron_ruby",
    "disabled_img_mods": "brightness|0.25"
  },
  {
    "name": "Zora Sapphire",
    "type": "toggle",
    "img": "images/zora_sapphire.png",
    "codes": "zora_sapphire",
    "disabled_img_mods": "brightness|0.25"
  },
  {
    "name": "Forest Medallion Label",
    "type": "progressive",
    "allow_disabled": false,
    "loop": true,
    "stages": [
      { "img": "images/unknown_text.png",
        "codes": "forest_medallion_text1" },
      { "img": "images/deku_text.png",
        "codes": "forest_medallion_text2" },
      { "img": "images/dc_text.png",
        "codes": "forest_medallion_text3" },
      { "img": "images/jabu_text.png",
        "codes": "forest_medallion_text4" },
      { "img": "images/forest_text.png",
        "codes": "forest_medallion_text5" },
      { "img": "images/fire_text.png",
        "codes": "forest_medallion_text6" },
      { "img": "images/water_text.png",
        "codes": "forest_medallion_text7" },
      { "img": "images/shadow_text.png",
        "codes": "forest_medallion_text8" },
      { "img": "images/spirit_text.png",
        "codes": "forest_medallion_text9" },
      { "img": "images/free_text.png",
        "codes": "forest_medallion_text10" }
    ]
  },
  {
    "name": "Fire Medallion Label",
    "type": "progressive",
    "allow_disabled": false,
    "loop": true,
    "stages": [
      { "img": "images/unknown_text.png",
        "codes": "fire_medallion_text1" },
      { "img": "images/deku_text.png",
        "codes": "fire_medallion_text2" },
      { "img": "images/dc_text.png",
        "codes": "fire_medallion_text3" },
      { "img": "images/jabu_text.png",
        "codes": "fire_medallion_text4" },
      { "img": "images/forest_text.png",
        "codes": "fire_medallion_text5" },
      { "img": "images/fire_text.png",
        "codes": "fire_medallion_text6" },
      { "img": "images/water_text.png",
        "codes": "fire_medallion_text7" },
      { "img": "images/shadow_text.png",
        "codes": "fire_medallion_text8" },
      { "img": "images/spirit_text.png",
        "codes": "fire_medallion_text9" },
      { "img": "images/free_text.png",
        "codes": "fire_medallion_text10" }
    ]
  },
  {
    "name": "Water Medallion Label",
    "type": "progressive",
    "allow_disabled": false,
    "loop": true,
    "stages": [
      { "img": "images/unknown_text.png",
        "codes": "water_medallion_text1" },
      { "img": "images/deku_text.png",
        "codes": "water_medallion_text2" },
      { "img": "images/dc_text.png",
        "codes": "water_medallion_text3" },
      { "img": "images/jabu_text.png",
        "codes": "water_medallion_text4" },
      { "img": "images/forest_text.png",
        "codes": "water_medallion_text5" },
      { "img": "images/fire_text.png",
        "codes": "water_medallion_text6" },
      { "img": "images/water_text.png",
        "codes": "water_medallion_text7" },
      { "img": "images/shadow_text.png",
        "codes": "water_medallion_text8" },
      { "img": "images/spirit_text.png",
        "codes": "water_medallion_text9" },
      { "img": "images/free_text.png",
        "codes": "water_medallion_text10" }
    ]
  },
  {
    "name": "Shadow Medallion Label",
    "type": "progressive",
    "allow_disabled": false,
    "loop": true,
    "stages": [
      { "img": "images/unknown_text.png",
        "codes": "shadow_medallion_text1" },
      { "img": "images/deku_text.png",
        "codes": "shadow_medallion_text2" },
      { "img": "images/dc_text.png",
        "codes": "shadow_medallion_text3" },
      { "img": "images/jabu_text.png",
        "codes": "shadow_medallion_text4" },
      { "img": "images/forest_text.png",
        "codes": "shadow_medallion_text5" },
      { "img": "images/fire_text.png",
        "codes": "shadow_medallion_text6" },
      { "img": "images/water_text.png",
        "codes": "shadow_medallion_text7" },
      { "img": "images/shadow_text.png",
        "codes": "shadow_medallion_text8" },
      { "img": "images/spirit_text.png",
        "codes": "shadow_medallion_text9" },
      { "img": "images/free_text.png",
        "codes": "shadow_medallion_text10" }
    ]
  },
  {
    "name": "Spirit Medallion Label",
    "type": "progressive",
    "allow_disabled": false,
    "loop": true,
    "stages": [
      { "img": "images/unknown_text.png",
        "codes": "spirit_medallion_text1" },
      { "img": "images/deku_text.png",
        "codes": "spirit_medallion_text2" },
      { "img": "images/dc_text.png",
        "codes": "spirit_medallion_text3" },
      { "img": "images/jabu_text.png",
        "codes": "spirit_medallion_text4" },
      { "img": "images/forest_text.png",
        "codes": "spirit_medallion_text5" },
      { "img": "images/fire_text.png",
        "codes": "spirit_medallion_text6" },
      { "img": "images/water_text.png",
        "codes": "spirit_medallion_text7" },
      { "img": "images/shadow_text.png",
        "codes": "spirit_medallion_text8" },
      { "img": "images/spirit_text.png",
        "codes": "spirit_medallion_text9" },
      { "img": "images/free_text.png",
        "codes": "spirit_medallion_text10" }
    ]
  },
  {
    "name": "Light Medallion Label",
    "type": "progressive",
    "allow_disabled": false,
    "loop": true,
    "stages": [
      { "img": "images/unknown_text.png",
        "codes": "light_medallion_text1" },
      { "img": "images/deku_text.png",
        "codes": "light_medallion_text2" },
      { "img": "images/dc_text.png",
        "codes": "light_medallion_text3" },
      { "img": "images/jabu_text.png",
        "codes": "light_medallion_text4" },
      { "img": "images/forest_text.png",
        "codes": "light_medallion_text5" },
      { "img": "images/fire_text.png",
        "codes": "light_medallion_text6" },
      { "img": "images/water_text.png",
        "codes": "light_medallion_text7" },
      { "img": "images/shadow_text.png",
        "codes": "light_medallion_text8" },
      { "img": "images/spirit_text.png",
        "codes": "light_medallion_text9" },
      { "img": "images/free_text.png",
        "codes": "light_medallion_text10" }
    ]
  }
]