[
  {
    "name": "Slingshot",
    "type": "toggle",
    "img": "images/slingshot.png",
    "codes": "slingshot",
    "disabled_img_mods": "brightness|0.30"
  },
  {
    "name": "Bomb Bag",
    "type": "toggle",
    "img": "images/bomb_bag.png",
    "codes": "bomb_bag",
    "loop": true,
    "disabled_img_mods": "brightness|0.35"
  },
  {
    "name": "Bomb Bag with Bombchus",
    "type": "toggle_badged",
    "base_item": "bomb_bag",
    "img": "images/bombchu_badge.png",
    "codes": "logical_chus"
  },
  {
    "name": "Boomerang",
    "type": "toggle",
    "img": "images/boomerang.png",
    "codes": "boomerang",
    "disabled_img_mods": "brightness|0.35"
  },
  {
    "name": "Bow",
    "type": "toggle",
    "img": "images/bow.png",
    "codes": "bow",
    "loop": true
  },
  {
    "name": "Bow + Ice Arrows",
    "type": "toggle_badged",
    "base_item": "bow",
    "img": "images/ice_arrows_overlay.png",
    "codes": "ice_arrows"
  },
  {
    "name": "Hammer",
    "type": "toggle",
    "img": "images/hammer.png",
    "codes": "hammer",
    "disabled_img_mods": "brightness|0.25"
  },
  {
    "name": "Iron Boots",
    "type": "toggle",
    "img": "images/iron_boots.png",
    "codes": "iron_boots"
  },
  {
    "name": "Hover Boots",
    "type": "toggle",
    "img": "images/hover_boots.png",
    "codes": "hover_boots"
  },
  {
    "name": "Mirror Shield",
    "type": "toggle",
    "img": "images/mirror_shield.png",
    "codes": "mirror_shield"
  },
  {
    "name": "Hookshot",
    "type": "progressive",
    "disabled_img_mods": "brightness|0.3",
    "stages": [
      { "img": "images/hookshot.png",
        "codes": "hookshot", },
      { "img": "images/longshot.png",
        "codes": "longshot", },
    ]
  },
]