[
  {
    "name": "Forest Medallion",
    "type": "toggle",
    "img": "images/forest_medallion.png",
    "codes": "forest_medallion",
    "disabled_img_mods": "brightness|0.25"
  },
  {
    "name": "Fire Medallion",
    "type": "toggle",
    "img": "images/fire_medallion.png",
    "codes": "fire_medallion",
    "disabled_img_mods": "brightness|0.25"
  },
  {
    "name": "Water Medallion",
    "type": "toggle",
    "img": "images/water_medallion.png",
    "codes": "water_medallion",
    "disabled_img_mods": "brightness|0.25"
  },
  {
    "name": "Shadow Medallion",
    "type": "toggle",
    "img": "images/shadow_medallion.png",
    "codes": "shadow_medallion",
    "disabled_img_mods": "brightness|0.25"
  },
  {
    "name": "Spirit Medallion",
    "type": "toggle",
    "img": "images/spirit_medallion.png",
    "codes": "spirit_medallion",
    "disabled_img_mods": "brightness|0.25"
  },
  {
    "name": "Light Medallion",
    "type": "toggle",
    "img": "images/light_medallion.png",
    "codes": "light_medallion",
    "disabled_img_mods": "brightness|0.25"
  },
  {
    "name": "Kokiri Emerald",
    "type": "toggle",
    "img": "images/kokiri_emerald.png",
    "codes": "kokiri_emerald",
    "disabled_img_mods": "brightness|0.25"
  },
  {
    "name": "Goron Ruby",
    "type": "toggle",
    "img": "images/goron_ruby.png",
    "codes": "goron_ruby",
    "disabled_img_mods": "brightness|0.25"
  },
  {
    "name": "Zora Sapphire",
    "type": "toggle",
    "img": "images/zora_sapphire.png",
    "codes": "zora_sapphire",
    "disabled_img_mods": "brightness|0.25"
  },
]