[
  {
    "name": "Forest Temple Name",
    "type": "progressive",
    "allow_disabled": "false",
    "stages": [
      { "img": "images/forest_normal.png",
        "codes": "forest_name_normal"},
      { "img": "images/forest_mq.png",
        "codes": "forest_name_mq",
        "inherit_codes": false}
    ]
  },
  {
    "name": "Forest Temple Small Keys",
    "type": "consumable",
    "img": "images/smallkey.png",
    "codes": "forest_sk",
    "max_quantity": 6
  },
  {
    "name": "Forest Temple Boss Key",
    "type": "toggle",
    "img": "images/bosskey.png",
    "codes": "forest_bk"
  },
  {
    "name": "Fire Temple Name",
    "type": "progressive",
    "allow_disabled": "false",
    "stages": [
      { "img": "images/fire_normal.png",
        "codes": "fire_name_normal"},
      { "img": "images/fire_mq.png",
        "codes": "fire_name_mq",
        "inherit_codes": false}
    ]
  },
  {
    "name": "Fire Temple Small Keys",
    "type": "consumable",
    "img": "images/smallkey.png",
    "codes": "fire_sk",
    "max_quantity": 8
  },
  {
    "name": "Fire Temple Boss Key",
    "type": "toggle",
    "img": "images/bosskey.png",
    "codes": "fire_bk"
  },
  {
    "name": "Water Temple Name",
    "type": "progressive",
    "allow_disabled": "false",
    "stages": [
      { "img": "images/water_normal.png",
        "codes": "water_name_normal"},
      { "img": "images/water_mq.png",
        "codes": "water_name_mq",
        "inherit_codes": false}
    ]
  },
  {
    "name": "Water Temple Small Keys",
    "type": "consumable",
    "img": "images/smallkey.png",
    "codes": "water_sk",
    "max_quantity": 6
  },
  {
    "name": "Water Temple Boss Key",
    "type": "toggle",
    "img": "images/bosskey.png",
    "codes": "water_bk"
  },
  {
    "name": "Shadow Temple Name",
    "type": "progressive",
    "allow_disabled": "false",
    "stages": [
      { "img": "images/shadow_normal.png",
        "codes": "shadow_name_normal"},
      { "img": "images/shadow_mq.png",
        "codes": "shadow_name_mq",
        "inherit_codes": false}
    ]
  },
  {
    "name": "Shadow Temple Small Keys",
    "type": "consumable",
    "img": "images/smallkey.png",
    "codes": "shadow_sk",
    "max_quantity": 6
  },
  {
    "name": "Shadow Temple Boss Key",
    "type": "toggle",
    "img": "images/bosskey.png",
    "codes": "shadow_bk"
  },
  {
    "name": "Spirit Temple Name",
    "type": "progressive",
    "allow_disabled": "false",
    "stages": [
      { "img": "images/spirit_normal.png",
        "codes": "spirit_name_normal"},
      { "img": "images/spirit_mq.png",
        "codes": "spirit_name_mq",
        "inherit_codes": false}
    ]
  },
  {
    "name": "Spirit Temple Small Keys",
    "type": "consumable",
    "img": "images/smallkey.png",
    "codes": "spirit_sk",
    "max_quantity": 7
  },
  {
    "name": "Spirit Temple Boss Key",
    "type": "toggle",
    "img": "images/bosskey.png",
    "codes": "spirit_bk"
  },
  {
    "name": "Ganons Castle Name",
    "type": "progressive",
    "allow_disabled": "false",
    "stages": [
      { "img": "images/ganon_normal.png",
        "codes": "ganon_name_normal"},
      { "img": "images/ganon_mq.png",
        "codes": "ganon_name_mq",
        "inherit_codes": false}
    ]
  },
  {
    "name": "Ganons Castle Small Keys",
    "type": "consumable",
    "img": "images/smallkey.png",
    "codes": "ganon_sk",
    "max_quantity": 3
  },
  {
    "name": "Ganons Castle Boss Key",
    "type": "toggle",
    "img": "images/bosskey.png",
    "codes": "ganon_bk"
  },
  {
    "name": "Bottom of the Well Name",
    "type": "progressive",
    "allow_disabled": "false",
    "stages": [
      { "img": "images/well_normal.png",
        "codes": "well_name_normal"},
      { "img": "images/well_mq.png",
        "codes": "well_name_mq",
        "inherit_codes": false}
    ]
  },
  {
    "name": "Bottom of the Well Small Keys",
    "type": "consumable",
    "img": "images/smallkey.png",
    "codes": "well_sk",
    "max_quantity": 3
  },
  {
    "name": "Gerudo Fortress Name",
    "type": "progressive",
    "allow_disabled": "false",
    "stages": [
      { "img": "images/fortress_quick.png",
        "codes": "fortress_name_normal"},
      { "img": "images/fortress_full.png",
        "codes": "fortress_name_mq",
        "inherit_codes": false}
    ]
  },
  {
    "name": "Gerudo Fortress Small Keys",
    "type": "consumable",
    "img": "images/smallkey.png",
    "codes": "fortress_sk",
    "max_quantity": 4
  },
  {
    "name": "Gerudo Training Ground Name",
    "type": "progressive",
    "allow_disabled": "false",
    "stages": [
      { "img": "images/gtg_normal.png",
        "codes": "gtg_name_normal"},
      { "img": "images/gtg_mq.png",
        "codes": "gtg_name_mq",
        "inherit_codes": false}
    ]
  },
  {
    "name": "Gerudo Training Ground Small Keys",
    "type": "consumable",
    "img": "images/smallkey.png",
    "codes": "gtg_sk",
    "max_quantity": 9
  }
]