[
  {
    "name": "Dins Fire",
    "type": "toggle",
    "img": "images/dins_fire.png",
    "codes": "dins_fire"
  },
  {
    "name": "Faores Wind",
    "type": "toggle",
    "img": "images/faores_wind.png",
    "codes": "faores_wind"
  },
  {
    "name": "Fire Arrows",
    "type": "toggle",
    "img": "images/fire_arrows.png",
    "codes": "fire_arrows"
  },
  {
    "name": "Light Arrows",
    "type": "toggle",
    "img": "images/light_arrows.png",
    "codes": "light_arrows"
  },
  {
    "name": "Magic",
    "type": "toggle",
    "img": "images/magic.png",
    "codes": "magic",
    "disabled_img_mods": "brightness|0.35"
  },
  {
    "name": "",
    "type": "toggle",
    "img": "images/.png",
    "codes": ""
  },
  {
    "name": "",
    "type": "toggle",
    "img": "images/.png",
    "codes": ""
  },
]