[
  {
    "name": "Magic Beans",
    "type": "toggle",
    "img": "images/beans.png",
    "codes": "beans"
  },
  {
    "name": "Ocarina",
    "type": "toggle",
    "img": "images/ocarina.png",
    "codes": "ocarina",
    "loop": true
  },
  {
    "name": "Ocarina + Scarecrow Song",
    "type": "toggle_badged",
    "base_item": "ocarina",
    "img": "images/scarecrow.png",
    "codes": "ocarina_scarecrow"
  },
  {
    "name": "Gerudo Card",
    "type": "toggle",
    "img": "images/gerudo_card.png",
    "codes": "gerudo_card"
  },
  {
    "name": "Bottle",
    "type": "toggle",
    "img": "images/bottle.png",
    "codes": "bottle",
    "loop": true,
    "disabled_img_mods": "brightness|0.50"
  },
  {
    "name": "Rutos Letter",
    "type": "toggle_badged",
    "base_item": "bottle",
    "img": "images/ruto_letter.png",
    "codes": "rutos_letter"
  },
   {
    "name": "Golden Skulltula Token",
    "type": "consumable",
    "img": "images/golden_skulltula.png",
    "codes": "skulltula_token",
    "max_quantity": 100,
    "disabled_img_mods": "brightness|0.50"
  },
  {
    "name": "Triforce Piece",
    "type": "consumable",
    "img": "images/triforce.png",
    "codes": "triforce",
    "max_quantity": 100
  },
  {
    "name": "Progressive Scale",
    "type": "progressive",
    "stages": [
      { "img": "images/silver_scale.png",
        "codes": "silver_scale" },
      { "img": "images/gold_scale.png",
        "codes": "gold_scale" }
    ]
  },
  {
    "name": "Progressive Strength",
    "type": "progressive",
    "stages": [
      { "img": "images/goron_bracelet.png",
        "codes": "strength1" },
      { "img": "images/silver_gauntlets.png",
        "codes": "strength2" },
      { "img": "images/gold_gauntlets.png",
        "codes": "strength3" }
    ]
  },
  {
    "name": "Kokiri Sword",
    "type": "toggle",
    "img": "images/kokiri_sword.png",
    "codes": "kokiri_sword",
    "disabled_img_mods": "brightness|0.40"
  },
  {
    "name": "Goron Tunic",
    "type": "toggle",
    "img": "images/goron_tunic.png",
    "codes": "goron_tunic"
  },
  {
    "name": "Zora Tunic",
    "type": "toggle",
    "img": "images/zora_tunic.png",
    "codes": "zora_tunic"
  }
]