[
  {
    "name": "Zelda's Lullaby",
    "type": "toggle",
    "img": "images/lullaby.png",
    "codes": "lullaby",
    "loop": true,
    "disabled_img_mods": "brightness|0.25"
  },
  {
    "name": "Zelda's Lullaby Check",
    "type": "toggle_badged",
    "base_item": "lullaby",
    "img": "images/check.png",
    "codes": "lullabycheck",
  },
  {
    "name": "Epona's Song",
    "type": "toggle",
    "img": "images/epona.png",
    "codes": "epona",
    "loop": true,
    "disabled_img_mods": "brightness|0.25"
  },
  {
    "name": "Epona's Song Check",
    "type": "toggle_badged",
    "base_item": "epona",
    "img": "images/check.png",
    "codes": "eponacheck",
  },
  {
    "name": "Saria's Song",
    "type": "toggle",
    "img": "images/saria.png",
    "codes": "saria",
    "loop": true,
    "disabled_img_mods": "brightness|0.25"
  },
  {
    "name": "Saria's Song Check",
    "type": "toggle_badged",
    "base_item": "saria",
    "img": "images/check.png",
    "codes": "sariacheck",
  },
  {
    "name": "Sun's Song",
    "type": "toggle",
    "img": "images/sun.png",
    "codes": "sunsong",
    "loop": true,
    "disabled_img_mods": "brightness|0.25"
  },
  {
    "name": "Sun's Song Check",
    "type": "toggle_badged",
    "base_item": "sunsong",
    "img": "images/check.png",
    "codes": "suncheck",
  },
  {
    "name": "Song of Time",
    "type": "toggle",
    "img": "images/time.png",
    "codes": "time",
    "loop": true,
    "disabled_img_mods": "brightness|0.25"
  },
  {
    "name": "Song of Time Check",
    "type": "toggle_badged",
    "base_item": "time",
    "img": "images/check.png",
    "codes": "timecheck",
  },
  {
    "name": "Song of Storms",
    "type": "toggle",
    "img": "images/storms.png",
    "codes": "storm",
    "loop": true,
    "disabled_img_mods": "brightness|0.25"
  },
  {
    "name": "Song of Storms Check",
    "type": "toggle_badged",
    "base_item": "storm",
    "img": "images/check.png",
    "codes": "stormcheck",
  },
  {
    "name": "Minuet",
    "type": "toggle",
    "img": "images/minuet.png",
    "codes": "minuet",
    "loop": true,
    "disabled_img_mods": "brightness|0.25"
  },
  {
    "name": "Minuet Check",
    "type": "toggle_badged",
    "base_item": "minuet",
    "img": "images/check.png",
    "codes": "minuetcheck",
  },
  {
    "name": "Bolero",
    "type": "toggle",
    "img": "images/bolero.png",
    "codes": "bolero",
    "loop": true,
    "disabled_img_mods": "brightness|0.25"
  },
  {
    "name": "Bolero Check",
    "type": "toggle_badged",
    "base_item": "bolero",
    "img": "images/check.png",
    "codes": "bolerocheck",
  },
  {
    "name": "Serenade",
    "type": "toggle",
    "img": "images/serenade.png",
    "codes": "serenade",
    "loop": true,
    "disabled_img_mods": "brightness|0.25"
  },
  {
    "name": "Serenade Check",
    "type": "toggle_badged",
    "base_item": "serenade",
    "img": "images/check.png",
    "codes": "serenadecheck",
  },
  {
    "name": "Nocturne",
    "type": "toggle",
    "img": "images/nocturne.png",
    "codes": "nocturne",
    "loop": true,
    "disabled_img_mods": "brightness|0.25"
  },
  {
    "name": "Nocturne Check",
    "type": "toggle_badged",
    "base_item": "nocturne",
    "img": "images/check.png",
    "codes": "nocturnecheck",
  },
  {
    "name": "Requiem",
    "type": "toggle",
    "img": "images/requiem.png",
    "codes": "requiem",
    "loop": true,
    "disabled_img_mods": "brightness|0.25"
  },
  {
    "name": "Requiem Check",
    "type": "toggle_badged",
    "base_item": "requiem",
    "img": "images/check.png",
    "codes": "requiemcheck",
  },
  {
    "name": "Prelude",
    "type": "toggle",
    "img": "images/prelude.png",
    "codes": "prelude",
    "loop": true,
    "disabled_img_mods": "brightness|0.25"
  },
  {
    "name": "Prelude Check",
    "type": "toggle_badged",
    "base_item": "prelude",
    "img": "images/check.png",
    "codes": "preludecheck",
  },
  
]