[
  {
    "name": "Child Trade",
    "type": "progressive",
    "stages": [
      { "img": "images/white_egg.png",
        "codes": "weird_egg", },
      { "img": "images/zelda_letter.png",
        "codes": "zelda_letter", },
      { "img": "images/keaton_mask.png",
        "codes": "keaton_mask", },
      { "img": "images/skull_mask.png",
        "codes": "skull_mask", },
      { "img": "images/spooky_mask.png",
        "codes": "spooky_mask", },
      { "img": "images/bunny_hood.png",
        "codes": "bunny_hood", },
      { "img": "images/mask_of_truth.png",
        "codes": "mask_of_truth", },
    ]
  },
  {
    "name": "Adult Trade Full",
    "type": "progressive",
    "disabled_img_codes": "grayscale",
    "stages": [
      { "img": "images/blue_egg.png",
        "codes": "adult_trade1",},
      { "img": "images/cojiro.png",
        "codes": "adult_trade2", },
      { "img": "images/odd_mushroom.png",
        "codes": "adult_trade3", },
      { "img": "images/odd_poultice.png",
        "codes": "adult_trade4", },
      { "img": "images/poachers_saw.png",
        "codes": "adult_trade5", },
      { "img": "images/broken_sword.png",
        "codes": "adult_trade6", },
      { "img": "images/prescription.png",
        "codes": "adult_trade7", },
      { "img": "images/eyeball_frog.png",
        "codes": "adult_trade8", },
      { "img": "images/eye_drops.png",
        "codes": "adult_trade9", },
      { "img": "images/claim_check.png",
        "codes": "adult_trade10", },
    ]
  },
]